{
  "accuracy": 0.7433628318584071,
  "confusion_matrix": [
    [
      56,
      2,
      0
    ],
    [
      15,
      8,
      4
    ],
    [
      3,
      5,
      20
    ]
  ],
  "labels": [
    "Riesgo Bajo",
    "Riesgo Medio",
    "Riesgo Alto"
  ],
  "classification_report": {
    "Riesgo Bajo": {
      "precision": 0.7567567567567568,
      "recall": 0.9655172413793104,
      "f1-score": 0.8484848484848485,
      "support": 58.0
    },
    "Riesgo Medio": {
      "precision": 0.5333333333333333,
      "recall": 0.2962962962962963,
      "f1-score": 0.38095238095238093,
      "support": 27.0
    },
    "Riesgo Alto": {
      "precision": 0.8333333333333334,
      "recall": 0.7142857142857143,
      "f1-score": 0.7692307692307693,
      "support": 28.0
    },
    "accuracy": 0.7433628318584071,
    "macro avg": {
      "precision": 0.7078078078078079,
      "recall": 0.6586997506537737,
      "f1-score": 0.6662226662226662,
      "support": 113.0
    },
    "weighted avg": {
      "precision": 0.7223471258869488,
      "recall": 0.7433628318584071,
      "f1-score": 0.7171353720026287,
      "support": 113.0
    }
  },
  "feature_importances": {
    "Age": 0.0,
    "SystolicBP": 0.34404104935171465,
    "DiastolicBP": 0.0,
    "BS": 0.5443134461117924,
    "BodyTemp": 0.11164550453649302,
    "HeartRate": 0.0
  },
  "n_train": 338,
  "n_test": 113,
  "max_depth": 4
}